"Code","Param","Beschreibung","Aufruf"
"ABORT_DIALOG","","Abbruch mit ESC","^jpl Kassen_Funktion('ABORT_DIALOG','')"
"ABORT_DIALOG","","Abgelehnt - Prüfung nicht erfolgreich","^jpl Kassen_Funktion('ABORT_DIALOG','')"
"ABORT_DIALOG","","Den Dialog beenden","^jpl Kassen_Funktion('ABORT_DIALOG','')"
"ABORT_DIALOG","1","Leergut verwerfen","^jpl Kassen_Funktion('ABORT_DIALOG','1')"
"ARTIKEL","","Artikel eingeben","^jpl Kassen_Funktion('ARTIKEL','')"
"BELEG_ABBRUCH","","aktueller Beleg wird abgbrochen","^jpl Kassen_Funktion('BELEG_ABBRUCH','')"
"BETRAG_AENDERN","","Betrag der aktuellen Warenposition ändern","^jpl Kassen_Funktion('BETRAG_AENDERN','')"
"BON","","den Bon des zuletzt abgeschlossenen Belegs drucken","^jpl Kassen_Funktion('BON','')"
"BRUTTO_NETTO","","Umschalten auf Brutto- oder Nettobeleg","^jpl Kassen_Funktion('BRUTTO_NETTO','')"
"CLEAR","","Eingabe löschen","^jpl Kassen_Funktion('CLEAR','')"
"DIALOG","LEERGUT","Leergut zuordnen","^jpl Kassen_Funktion('DIALOG','LEERGUT')"
"EC_KARTE","","mit EC-Karte bezahlen","^jpl Kassen_Funktion('EC_KARTE','')"
"EINRICHTUNG","","Einrichtung überprüfen","^jpl Kassen_Funktion('EINRICHTUNG','')"
"END_DIALOG","","Alle Eingaben übernehmen","^jpl Kassen_Funktion('END_DIALOG','')"
"END_DIALOG","","Angaben übernehmen","^jpl Kassen_Funktion('END_DIALOG','')"
"END_DIALOG","","Geprüft","^jpl Kassen_Funktion('END_DIALOG','')"
"ENDE_ZUM_MENU","","Kasse Beende und zurück zum Hauptmenu","^jpl Kassen_Funktion('ENDE_ZUM_MENU','')"
"ENTER","","Alle Eingaben übernehmen","^jpl Kassen_Funktion('ENTER','')"
"ENTER","0","Enter","^jpl Kassen_Funktion('ENTER','0')"
"GRABATT_BETRAG","","Rabatt auf alles als fester Betrag","^jpl Kassen_Funktion('GRABATT_BETRAG','')"
"GRABATT_PROZENT","","Prozentualer Gesamtrabatt","^jpl Kassen_Funktion('GRABATT_PROZENT','')"
"KORR_ARTIKELTEXT","","Artikeltext der aktuellen Warenposition ändern","^jpl Kassen_Funktion('KORR_ARTIKELTEXT','')"
"LADE_OEFFNEN","","Schublade","^jpl Kassen_Funktion('LADE_OEFFNEN','')"
"LAGER","","LAger","^jpl Kassen_Funktion('LAGER','')"
"LAGERABGABE","","Lagerabgabe","^jpl Kassen_Funktion('LAGERABGABE','')"
"LAGERABGABE_AENDERN","","Lagerabgabe ändern","^jpl Kassen_Funktion('LAGERABGABE_AENDERN','')"
"MENGE","","Menge eingeben","^jpl Kassen_Funktion('MENGE','')"
"MENGE","1","Menge um eins erhöhen","^jpl Kassen_Funktion('MENGE','1')"
"MENGE_AENDERN","","Menge der aktuellen Warenposition ändern","^jpl Kassen_Funktion('MENGE_AENDERN','')"
"MOVE_FIRST","","FIRST","^jpl Kassen_Funktion('MOVE_FIRST','')"
"MOVE_LAST","","LAST","^jpl Kassen_Funktion('MOVE_LAST','')"
"NEUVORGANG","","nur zum Test einen neuen Vorgang machen","^jpl Kassen_Funktion('NEUVORGANG','')"
"PARKEN","","Beleg parken bzw. geparkten Beleg aufnehmen","^jpl Kassen_Funktion('PARKEN','')"
"POSCHANGEMENGE","1.00","LETZTE MENGE+1","^jpl Kassen_Funktion('POSCHANGEMENGE','1.00')"
"POSNOCHMAL","","die letzte Position wiederholen","^jpl Kassen_Funktion('POSNOCHMAL','')"
"PREIS_AENDERN","","Preis der aktuellen Warenposition ändern","^jpl Kassen_Funktion('PREIS_AENDERN','')"
"PREISMANUELL","","Umschalten Preiserfassung","^jpl Kassen_Funktion('PREISMANUELL','')"
"RABATT_BETRAG","","Zeilenrabatt als Betrag","^jpl Kassen_Funktion('RABATT_BETRAG','')"
"RABATT_PROZENT","","Prozentualer Zeilenrabatt","^jpl Kassen_Funktion('RABATT_PROZENT','')"
"RABATT_PROZENT","3,5","3,5 Prozent Rabatt","^jpl Kassen_Funktion('RABATT_PROZENT','3,5')"
"RABATT_PROZENT","3,5","soviel gibt es heute generell","^jpl Kassen_Funktion('RABATT_PROZENT','3,5')"
"SELECT_PAGE_BACK","","PREV","^jpl Kassen_Funktion('SELECT_PAGE_BACK','')"
"SELECT_PAGE_NEXT","","FIRST","^jpl Kassen_Funktion('SELECT_PAGE_NEXT','')"
"SKONTOSATZ","","Skontosatz eingeben","^jpl Kassen_Funktion('SKONTOSATZ','')"
"SPEICHERN_ALS","","Kunde / Vorgangklasse oder Unterklasse ändern und dann  speichern","^jpl Kassen_Funktion('SPEICHERN_ALS','')"
"SPERRE","","Sperre setzen, Entsperrung nur mit gültigem Kennwort","^jpl Kassen_Funktion('SPERRE','')"
"SPERRE","","Sperre setzte, Entsperrung nur mit gültigem Kot","^jpl Kassen_Funktion('SPERRE','')"
"TOGGLE_WERTARTIKEL","","Toggle Wertartikel","^jpl Kassen_Funktion('TOGGLE_WERTARTIKEL','')"
"WIEGUNG","","Wiegung einleiten, danach muss Artikel erfasst werden","^jpl Kassen_Funktion(""WIEGUNG"","""")"
"ZAHLUNG","","Zahlungsmaske öffnen","^jpl Kassen_Funktion('ZAHLUNG','')"
"ZAHLUNG","","Zahlung einleiten","^jpl Kassen_Funktion('ZAHLUNG','')"
"ZHL_BAR","","Barzahlung","^jpl Kassen_Funktion('ZHL_BAR','')"
"ZHL_BAR","10","Barzahlung 10€","^jpl Kassen_Funktion('ZHL_BAR','10')"
"ZHL_BAR","20","Barzahlung 20€","^jpl Kassen_Funktion('ZHL_BAR','20')"
"ZHL_BAR","20","Barzahlung 20 €","^jpl Kassen_Funktion('ZHL_BAR','20')"
"ZHL_BAR","50","Barzahlung 50€","^jpl Kassen_Funktion('ZHL_BAR','50')"
"ZHL_EC","","EC","^jpl Kassen_Funktion('ZHL_EC','')"
"ZHL_EC","1","EC Zahlung ohne Bezahlterminal","^jpl Kassen_Funktion('ZHL_EC','1')"
"ZHL_EC_LAST","","EC-Lastschrift","^jpl Kassen_Funktion('ZHL_EC_LAST','')"
"ZHL_EC_PLUS","","EC-Auszahlung","^jpl Kassen_Funktion('ZHL_EC_PLUS','')"
"ZHL_FREMDWAEHRBAR","","Fremdwährungs-Barzahlung","^jpl Kassen_Funktion('ZHL_FREMDWAEHRBAR','')"
"ZHL_FREMDWAEHRBAR","79","Fremdwährungs-Barzahlung mit norwegischen Kronen","^jpl Kassen_Funktion('ZHL_FREMDWAEHRBAR','79')"
"ZHL_GUTSCHEIN","","Gutscheinzahlung","^jpl Kassen_Funktion('ZHL_GUTSCHEIN','')"
"ZHL_STO","","STORNO Zahlungsweg","^jpl Kassen_Funktion('ZHL_STO','')"
"ZHL_STO_ALL","","Alle Zahlungen stornieren","^jpl Kassen_Funktion('ZHL_STO_ALL','')"
"ZHL_STO_ALL","","Zahlungsvorgang wird abgbrochen","^jpl Kassen_Funktion('ZHL_STO_ALL','')"
"ZHLG","MARKTKS","Aufruf Zahlungsmaske [ZHLG]","^jpl Kassen_Funktion('ZHLG','MARKTKS')"
"ZIFFER","-","negatives Vorzeichen","^jpl Kassen_Funktion('ZIFFER','-')"
"ZIFFER",",","Komma","^jpl Kassen_Funktion('ZIFFER',',')"
"ZIFFER","0","Ziffer 0","^jpl Kassen_Funktion('ZIFFER','0')"
"ZIFFER","1","Ziffer 1","^jpl Kassen_Funktion('ZIFFER','1')"
"ZIFFER","2","Ziffer2","^jpl Kassen_Funktion('ZIFFER','2')"
"ZIFFER","3","Ziffer3","^jpl Kassen_Funktion('ZIFFER','3')"
"ZIFFER","4","Ziffer 4","^jpl Kassen_Funktion('ZIFFER','4')"
"ZIFFER","5","Ziffer5","^jpl Kassen_Funktion('ZIFFER','5')"
"ZIFFER","6","Ziffer6","^jpl Kassen_Funktion('ZIFFER','6')"
"ZIFFER","7","Ziffer 7","^jpl Kassen_Funktion('ZIFFER','7')"
"ZIFFER","8","Ziffer8","^jpl Kassen_Funktion('ZIFFER','8')"
"ZIFFER","9","Ziffer9","^jpl Kassen_Funktion('ZIFFER','9')"
